Data de Publicação,Título,Resumo,Palavras-chave,Qtd. de Autores,Autor 1,Autor 2,Autor 3,Autor 4,Autor 5,Autor 6,Afiliação 1,Afiliação 2,Afiliação 3,Afiliação 4,Afiliação 5,Afiliação 6,Url Artigo,Revista
2021-07-02,"Nível de conhecimento dos profissionais de contabilidade de Três Lagoas (MS) sobre contabilidade ambiental, gestão e legislação ambiental","Objetivo: A preocupação com o meio ambiente é constante e vem, gradativamente, ganhando destaque: político, acadêmico e empresarial. O tema configura-se como relevante, porque para a maioria das empresas a preocupação com o meio ambiente ainda não se transformou em práticas efetivas de gestão ambiental e muitos profissionais da contabilidade têm formação anterior a inserção da contabilidade ambiental como um novo ramo de atuação das ciências contábeis. No entanto, a educação continuada se estabelece como um meio de atualização dos profissionais em relação as mudanças e novas tendências de atuação do profissional contábil. Assim, a pesquisa se propôs analisar o nível de conhecimento dos profissionais de contabilidade de Três Lagoas (MS) sobre contabilidade ambiental, gestão e legislação ambiental.
Metodologia: A pesquisa classifica-se como quantitativa e adota como estratégia de investigação a pesquisa de levantamento de opiniões dos contadores atuantes nos escritórios de contabilidade em Três Lagoas (MS). A aplicação dos questionários seguiu o critério de acessibilidade, obtendo-se um retorno de 68 questionários respondidos. O instrumento de coleta foi construído com questões que identificam o perfil dos contadores e nível de conhecimento sobre a contabilidade ambiental, gestão e legislação ambiental. Ele é composto por 15 itens avaliados pela escala tipo Likert de seis pontos.
Resultados: Os resultados demonstram nível baixo de conhecimento dos contadores sobre contabilidade ambiental, gestão e legislação ambiental, numa média geral de 71,2%. Apenas 32,4% dos respondentes buscam atualização profissional na área ambiental por meio de eventos, palestras ou congressos e 55,9% dos respondentes não tem conhecimento sobre ferramentas de gestão ambiental.
Contribuições do Estudo: O tema demanda maior envolvimento e busca de conhecimento dos contadores, por meio dos programas de educação profissional continuada. Fica a reflexão de que a contabilidade e gestão ambiental são importantes e devem ser cada vez mais abordadas nas práticas contábeis, visto que os impactos ambientais resultam em atos e fatos contábeis, cujo gerenciamento e/ou registro precisam de um profissional em contabilidade formado e atualizado de forma adequada.",Contador. Contabilidade e Gestão ambiental. Educação continuada.,5,Sirlei Tonello Tisott,Sílvio Paula Ribeiro,Tamires Sousa Araújo,Cinthia da Costa Pontes,Jhonatan Verissímo da Sílva,,Universidade Federal de Mato Grosso do Sul,Universidade Federal de Mato Grosso do Sul,Universidade Federal de Mato Grosso do Sul,Universidade Federal de Mato Grosso do Sul,Universidade Federal de Mato Grosso do Sul,,https://periodicos.ufrn.br/ambiente/article/view/20064,Revista Ambiente Contábil
2017-01-02,ANÁLISE DO NÍVEL DE CONHECIMENTO DO PROFISSIONAL CONTÁBIL ACERCA DA CONTABILIDADE AMBIENTAL E SUAS VARIÁVEIS INTERVENIENTES,"As preocupações provenientes das questões ambientais, em nível global, exercem pressão sobre a contabilidade tradicional para incorporar nesta a responsabilidade ambiental das organizações. Estas questões desempenham uma crescente influência nas tomadas de decisões organizacionais. Neste sentido, buscou-se por meio deste estudo identificar o nível de conhecimento dos profissionais contábeis acerca da contabilidade ambiental e suas variáveis intervenientes. Assim, para satisfazer este escopo central, a abordagem científica relaciona-se a quantitativa e quanto aos meios e fins é exploratória. O procedimento técnico empregado foi por meio da pesquisa survey com questionário fechado e escala likert. O processo de amostragem foi probabilístico, considerando-se o critério cross-sectional, resultando na unidade amostral aleatória simples de 47 contabilistas. A análise dos dados ocorreu com auxílio do software SPSS Statistics aplicando-se os testes não paramétricos U de Mann-Whitney, Kruskal-wallis, post hoc Dunn-Bonferroni e a correlação de Spearman. A pesquisa realizada com os 47 profissionais revela que o nível de conhecimento sobre a contabilidade ambiental é de 17,5%. Os contabilistas do sexo masculino e os técnicos em contabilidade apresentaram, em detrimento ao sexo feminino e contadores, um maior nível de conhecimento em relação a contabilidade ambiental. As variáveis intervenientes que influenciam neste nível de conhecimento relaciona-se a participação em eventos contábeis, a clareza e objetividade da literatura e o tempo de dedicação dos contabilistas em relação a contabilidade ambiental. Sugere-se, diante destes resultados, a criação de eventos específicos sobre a contabilidade ambiental e seus procedimentos técnicos, em nível nacional, abrangendo áreas multi e transdisciplinares.Palavras-chave: Impactos Ambientais, Responsabilidade Social e Ambiental, Contabilidade ambiental, Profissionais contábeis.",Impactos Ambientais. Responsabilidade Social e Ambiental. Contabilidade ambiental. Profissionais contábeis.,6,Alexandre André Feil,Angela Maria Haberkamp,Adriano José Azeredo,Tatiane Mileidi Orso,Clovis Antônio Kronbauer,Claus Haetinger,Centro Universitário Univates,Centro Universitário UNIVATES e Universidade do Vale do Rio dos Sinos,Centro Universitário UNIVATES,Centro Universitário UNIVATES,Centro Universitário UNIVATES e Universidade do Vale do Rio dos Sinos,,https://periodicos.ufrn.br/ambiente/article/view/9052,Revista Ambiente Contábil
2013-02-06,ANÁLISE DA PRODUÇÃO CIENTÍFICA BRASILEIRA EM CONTABILIDADE VOLTADA PARA O SEGMENTO DE GESTÃO SOCIAL E AMBIENTAL,"A pesquisa objetivou identificar as mudanças ocorridas na produção científica brasileira em contabilidade voltada para o segmento de Gestão Social e Ambiental, publicada em periódicos no nível Qualis A, B e C, nos últimos 20 anos. A fundamentação teórica aborda aspectos relacionados à responsabilidade social e ambiental, contabilidade ambiental, contabilidade social, instrumentos contábeis de evidenciação da responsabilidade social das empresas, os relatórios sociais de apoio à gestão ambiental entre outros aspectos ligados ao tema. A metodologia admitida caracteriza-se como sendo uma pesquisa descritiva, de natureza aplicada, com metodologia de uma pesquisa documental e com o método dedutivo. Utilizando para isso, o instrumento de análise com base nas seis dimensões definidas para o estudo, quais sejam: quantitativa, autoria, temática, metodologia, referencial teórico e cientificidade. A coleta de dados foi realizada no portal de cada um dos periódicos selecionados e por meio destes impressos, durante o ano de 2010. A conclusão indica que a contabilidade voltada para o segmento de gestão social e ambiental vem, nos últimos anos, dando largos passos para evoluir e atender as necessidades sociais, econômicas e financeiras da sociedade; e que é preciso avançar um pouco mais no rigor metodológico utilizado nos trabalhos produzidos. Palavras-chave: Contabilidade. Gestão. Social. Ambiental. Produção.",Contabilidade. Gestão. Social. Ambiental. Produção.,2,Pedro Ylunga Costa Da Silva,José Santo Dal Bem Pires,,,,,Universidade Federal do Paraná,Universidade Estadual de Maringá,,,,,https://periodicos.ufrn.br/ambiente/article/view/3318,Revista Ambiente Contábil
2016-01-03,CONTABILIDADE AMBIENTAL – UMA ANÁLISE DA APLICAÇÃO PRÁTICA COMO POTENCIALIZADORA DE INFORMAÇÕES SOCIOAMBIENTAIS NAS DEMONSTRAÇÕES CONTÁBEIS,"A contabilidade ambiental, como uma ramificação da contabilidade tradicional, tem como objetivos: identificar, mensurar e esclarecer os eventos e transações econômico-financeiros que estejam relacionados com a proteção, preservação e recuperação ambiental, ocorridos em um determinado período, visando à evidenciação da situação patrimonial de uma entidade. Diante disto, o presente estudo visa investigar e analisar que contribuições a contabilidade ambiental proporciona na evidenciação de informações ambientais através das Demonstrações Contábeis. Para isto, buscou-se publicações sobre o tema nos periódicos da área de Ciências Contábeis, com conceito qualis B1 e B2, no período de 2011 a 2014. Foram analisados 16 artigos de um total de 640, utilizando-se o método da análise de conteúdo. A pesquisa caracteriza-se quanto aos objetivos como descritiva, com abordagem qualitativa e documental quanto aos procedimentos. Como resultado da análise, conclui-se que a contabilidade ambiental não é utilizada para evidenciar as informações de natureza ambiental.Palavras-chave: Evidenciação, Contabilidade Ambiental, Educação Ambiental.",Evidenciação. Contabilidade Ambiental. Educação Ambiental.,2,Walter Nunes Oleiro,Elisabeth Brandão Schmidt,,,,,Universidade Federal do Rio Grande,Universidade Federal do Rio Grande,,,,,https://periodicos.ufrn.br/ambiente/article/view/7423,Revista Ambiente Contábil
2013-09-10,RELAÇÃO ENTRE DESEMPENHO ECONÔMICO E DESEMPENHO AMBIENTAL DE EMPRESAS NO BRASIL E NA ESPANHA,"Com base na Teoria da Sinalização e na Teoria da Legitimidade, o estudo tem por objetivo principal investigar a relação entre o desempenho econômico e o desempenho ambiental das empresas no Brasil e na Espanha. Adicionalmente, analisa-se a correspondência entre o nível de impacto ambiental e o desempenho ambiental das empresas do setor secundário. Trata-se de pesquisa descritiva, de natureza quantitativa, analisando dados de 41 empresas brasileiras e 25 espanholas, todas de capital aberto, que publicaram relatórios de sustentabilidade no modelo GRI-G3, do ano 2010, considerando-se ainda os dados de 2009. Foram analisados os indicadores econômicos ROA, ROE, ROS e ROM (Q de Tobin) extraídos das demonstrações financeiras de 2009 e 2010. O desempenho ambiental foi representado pelo indicador EN30 (total geral de investimentos em gastos e proteção ambiental) do relatório de sustentabilidade, dividido pelo Ativo total. Os resultados apontam a existência de relação entre as variáveis analisadas ano a ano, conforme o país, e também utilizando o atributo da defasagem temporal. Por meio da Análise de Correspondência (Anacor), considerando os dois países em conjunto, a hipótese da pesquisa foi rejeitada, já que as empresas do setor secundário com alto impacto ambiental apresentaram níveis baixo e médio de desempenho ambiental.",,5,José Flávio Vasconcelos Alves,Márcia Martins Mendes De Luca,Vanessa Ingrid da Costa Cardoso,Alessandra Carvalho de Vasconcelos,Jacqueline Veneroso Alves da Cunha,,Universidade Federal do Ceará,Universidade Federal do Ceará,Universidade Federal do Ceará,Universidade Federal do Ceará,Universidade Federal de Minas Gerais – UFMG,,https://periodicos.ufrn.br/ambiente/article/view/4144,Revista Ambiente Contábil
2017-01-02,RELAÇÃO DE DEPENDÊNCIA ENTRE A DIVULGAÇÃO VOLUNTÁRIA SOCIAL E AMBIENTAL E AS CARACTERÍSTICAS DAS EMPRESAS DE CAPITAL ABERTO NO BRASIL,"O objetivo da pesquisa foi analisar a relação de dependência entre a divulgação voluntária social e ambiental e as características rentabilidade, leverage, propriedade acionária e tamanho das empresas listadas na BM&FBovespa. O universo da pesquisa foi composto por empresas de capital aberto listadas na BM&FBovespa, nos períodos de 2010 a 2012. A amostra foi composta pelas 79 empresas listadas na BM&FBovespa com ações mais negociadas em 2012 e que divulgaram ao menos um relatório de sustentabilidade/relatório anual. A divulgação voluntária social e ambiental foi mensurada por meio de uma métrica de 80 itens, que possibilitaram a obtenção dos índices. As características específicas analisadas foram: rentabilidade, endividamento, concentração acionária e tamanho das empresas. A influência das características das empresas sobre o índice de divulgação voluntária de informações de caráter social e ambiental foi verificada por meio do teste Qui-quadrado (X2) e Análise de Correspondência (ANACOR). Os resultados mostram que a rentabilidade (ROE), a concentração acionária, medido pela participação acionária do principal acionista de empresa, apresentam relação de dependência e correspondência com o índice de divulgação voluntária social. Quanto ao índice de divulgação voluntária ambiental, apenas a variável concentração acionária demonstrou uma relação de dependência com o índice. A variável leverage, que mede o nível de endividamentos das empresas, se mostrou independente ao nível de divulgação social e ambiental. A variável tamanho buscou medir a existência de dependência entre o tamanho das empresas e o nível de divulgação social e ambiental, o teste Qui-quadrado não encontrou relação de dependência entre as variáveis.Palavras-chave: Divulgação social e ambiental. ANACOR. Características das empresas.",Divulgação social e ambiental. ANACOR. Características das empresas.,2,Maria Audenôra Rufino,Márcia Reis Machado,,,,,UFPB e Unipê,UFPB,,,,,https://periodicos.ufrn.br/ambiente/article/view/8997,Revista Ambiente Contábil
2021-07-02,Disclosure ambiental dos relatórios corporativos da empresa Natura à luz da teoria da divulgação voluntária,"Objetivo: Analisar o nível de disclosure ambiental dos relatórios de sustentabilidade da Natura Cosméticos S.A., no período de 2001 a 2019, à luz da Teoria da Divulgação Voluntária.
Metodologia: Utiliza a metodologia desenvolvida por Clarkson et al. (2008) para coleta e análise dos dados. Estes autores desenvolveram o índice de avaliação do nível da divulgação voluntária sobre políticas, desempenho e insumos ambientais que são divididos em 29 itens de divulgação hard e 16 itens de divulgação soft.
Resultados: Os itens de divulgação hard e soft do disclosure oscilaram no período analisado. A nota máxima obtida pela empresa foi 59 (dentre os 95 pontos possíveis), alcançada no ano de 2013, no relatório dos indicadores da GRI. Cabe destacar que nos itens hard, a variação do nível de evidenciação foi de 9% a 49%, enquanto nos itens soft, a empresa obteve variação de 19% a 88%.
Contribuições do Estudo: A contribuição prática e teórica da pesquisa está vinculada à evidenciação ambiental de uma grande empresa nacional envolvida com o meio ambiente, além de incrementar a literatura de divulgação ambiental nacional.",Relatório de Sustentabilidade. GRI. Disclosure ambiental. Natura.,3,Claúdia Voges,Cleber Broietti,Suliani Rover,,,,UFSC,UNESPAR,UFSC,,,,https://periodicos.ufrn.br/ambiente/article/view/21751,Revista Ambiente Contábil
2014-07-25,APLICABILIDADE DO TERMO DE AJUSTAMENTO DE CONDUTA (TAC) EM UMA INDÚSTRIA CARBONÍFERA DE SANTA CATARINA E O IMPACTO NA CONTABILIDADE E NO ORÇAMENTO ORGANIZACIONAL,"As organizações se deparam com uma nova realidade, e hoje não basta estarem focadas apenas no preço e na qualidade dos seus bens e serviços, mas também no comportamento ético e transparente em relação ao meio ambiente. Nesse contexto o Ministério Público utiliza-se do Termo de Ajustamento de Conduta (TAC), para garantir que as empresas recuperem os passivos que geraram pela degradação ambiental. Desta forma, esta pesquisa propõe verificar os reflexos do Termo de Compromisso de Ajustamento de Conduta - TAC na contabilidade ambiental e no orçamento organizacional de uma carbonífera no sul de Santa Catarina. Para isso, utilizou-se pesquisa exploratória e descritiva, com abordagens tanto quantitativa como qualitativa realizada por meio de estudo bibliográfico e documental.  Na análise dos dados coletados foi possível conhecer os impactos do TAC no orçamento na carbonífera e constatar que o volume de recursos investido é alto para recuperar áreas degradadas no passado. Foi possível acompanhar os resultados do uso de um plano de contas ambiental e pode-se afirmar que as empresas que assinam o TAC necessitam utilizar a contabilidade ambiental, para evidenciar de forma transparente os esforços realizados pela carbonífera para recuperar o meio ambiente e a preservar a natureza. A pesquisa tem uma originalidade pela aplicação prática e a maior contribuição que esta pesquisa poderá dar a outros pesquisadores é a estrutura da contabilidade ambiental adotada na carbonífera.Palavras chave: Indústria carbonífera. Termo de ajustamento de conduta. Orçamento organizacional. Contabilidade ambiental.",,3,Cristina Keiko Yamaguchi,Kátia Aurora Dalla Libera Soratto,Mariana Gonçalves Mariot,,,,UNIVERSIDADE DO EXTREMO SUL CATARINENSE,,,,,,https://periodicos.ufrn.br/ambiente/article/view/4960,Revista Ambiente Contábil
2020-01-03,Mapeamento de competências: necessidades de aprimoramento de analistas periciais em contabilidade do Ministério Público Federal,"Objetivo: O estudo tem como objetivo analisar as competências dos analistas da área pericial contábil lotados no Ministério Público Federal (MPF), de forma a apresentar por nível de importância aquelas que possuem maior necessidade de aprimoramento.
Metodologia: O desenvolvimento da pesquisa ocorreu por meio da tipologia descritiva, com abordagem quantitativa. A técnica empregada foi pesquisa survey, a partir de um questionário estruturado com 37 questões, aplicados em escala tipo Likert de sete pontos. No instrumento foram apresentadas questões sobre a importância, o domínio de competências e seu impacto no desempenho profissional. 
Resultados: Os resultados indicam que apenas quatro competências possuem domínio satisfatório por parte dos respondentes, e que cinco competências carecem maior aprimoramento: capacitação continuada, técnicas de investigação de fraudes, redação, conhecimento jurídico e pensar como malfeitor. As competências comportamentais foram consideradas mais importantes do que as técnicas. Ainda assim, algumas competências importantes no contexto internacional tiveram médias baixas no contexto brasileiro.
Contribuições do Estudo: O estudo permite conhecer as competências dos analistas periciais do MPF sob os aspectos de importância, domínio e impacto no desempenho profissional. Os resultados podem ser empregados para o desenvolvimento de ações de capacitação na instituição da amostra bem como para outras instituições que dispõe de quadro semelhante. O estudo também pode ser replicado como diagnóstico para outras instituições e quadros de profissionais de perícia contábil e forense, servindo de parâmetro de comparabilidade.",Perícia Contábil. Contabilidade Forense. Competências.,5,Ariel Prates,Jonatas Dutra Sallaberry,Leonardo Flach,Ivam Ricardo Peleias,Romina Batista de Lucena Souza,,Mestre em Contabilidade – Universidade Federal do Rio Grande do Sul,Doutorando em Contabilidade pela Universidade Federal de Santa Catarina,Pós,Doutor em Ciências Contábeis pela FEA,Professora Doutora do Programa de Pós,,https://periodicos.ufrn.br/ambiente/article/view/17145,Revista Ambiente Contábil
2014-01-13,CONTABILIDADE E CUSTOS AMBIENTAIS: UM MAPEAMENTO DAS PRODUÇÕES CIENTÍFICAS EM PERIÓDICOS E EVENTOS NACIONAIS,"O objetivo desse trabalho foi mapear e analisar a produção científica nacional sobre a contabilidade e custos ambientais publicada nos principais periódicos e nos anais de congresso na área contábil, divulgada no período de 2007 a 2011. Para atingir este objetivo utilizou-se de pesquisa descritiva, com abordagem qualitativa e metodologia bibliométrica. Os resultados apontaram a maior taxa de publicação, tanto em periódicos quanto em eventos, referem-se à contabilidade ambiental, o tema custos ambientais indicou menor publicação. Verificou-se ainda, que a temática contabilidade ambiental possui maior divulgação nos eventos, enquanto as pesquisas na área de custos ambientais se sobressaem nos periódicos. Constatou-se a preferência dos autores em realizar pesquisas em conjunto com mais dois ou três autores. Em relação aos procedimentos metodológicos das pesquisas analisadas, apresentaram o método empírico, classificação descritiva e abordagem qualitativa. O vínculo institucional dos autores com maior representatividade foi a UFSC, seguida da UNISINOS, UFC e FURB. Espera-se que o estudo contribua para a propagação da pesquisa na área contábil, principalmente relacionada à solidificação do tema contabilidade ambiental no ambiente acadêmico.Palavras-chave: Custos ambientais. Contabilidade Ambiental. Bibliométrico.",Custos ambientais. Contabilidade Ambiental. Bibliométrico.,4,Diego Vieira Melo,Rayanne Silva Barbosa,Tamires Sousa Araújo,Edvalda Araújo Leal,,,Universidade Federal de Uberlândia,Universidade Federal de Uberlândia,Universidade Federal de Uberlândia,Universidade Federal de Uberlândia/ Faculdade de Ciências Contábeis,,,https://periodicos.ufrn.br/ambiente/article/view/4209,Revista Ambiente Contábil
2013-12-17,SUSTENTABILIDADE ATRAVÉS DA CONTABILIDADE AMBIENTAL: ESTUDO DE CASO EM INSTITUIÇÃO HOSPITALAR,"Este trabalho teve por objetivo analisar o sistema contábil gerencial ambiental dos aspectos e impactos ambientais de um hospital, com o auxílio da contabilidade ambiental. Por meio de um estudo de caso, em um hospital de Florianópolis – SC, com a aplicação parcial do Sistema Contábil Gerencial Ambiental – SICOGEA, foi possível determinar o grau de sustentabilidade e desempenho ambiental da referida instituição. A pesquisa adotada neste estudo é de natureza exploratório-descritiva com abordagem predominantemente qualitativa. Com base nos resultados alcançados, parece evidente que a instituição necessita aprimorar o processo de gestão ambiental, visto que apenas o critério de Tratamento com pacientes apresentou um grau de sustentabilidade considerado adequado pelo método de avaliação do desempenho ambiental adotado nesta pesquisa. As demais categorias contempladas no estudo obtiveram apenas o conceito regular ou deficitário no que concerne ao desempenho no gerenciamento dos aspectos e impactos ambientais. O baixo desempenho ambiental da maioria dos critérios indica a possibilidade da ocorrência de impactos ambientais negativos no processo de prestação dos serviços hospitalares. Outra constatação que emerge desses resultados é a de que a organização visa unicamente o atendimento de disposições legais.",,4,Vinícius Pamplona,Elisete Dahmer Pfitscher,Vivian Osmari Uhlmann,Bernadete Limongi,,,Universidade Federal de Santa Catarina,Universidade Federal de Santa Catarina,Universidade Federal de Santa Catarina,Universidade Federal de Santa Catarina,,,https://periodicos.ufrn.br/ambiente/article/view/4728,Revista Ambiente Contábil
2013-09-10,ENVIRONMENTAL DISCLOSURE – INFORMAÇÕES SOBRE RESÍDUOS SÓLIDOS DIVULGADAS PELAS EMPRESAS POTENCIALMENTE POLUÍDORAS LISTADAS NA BM&FBOVESPA,"Este artigo objetiva identificar as características da evidenciação ambiental sobre resíduos sólidos das companhias listadas na BM&FBOVESPA pertencentes a segmentos potencialmente poluidores. Nesse intuito, adotou-se uma pesquisa prática do tipo Survey, de natureza descritiva, com a abordagem do problema qualitativa. Os dados foram coletados nos relatórios de sustentabilidade ou similares referentes ao exercício de 2011 divulgados pelas empresas. Utiliza-se como instrumento intervenção o modelo Waste-EDE de Voss (2012), um modelo de análise da evidenciação sobre resíduos sólidos, que surgiu da junção das ideias contidas no modelo EDE (Environmental Disclosure Evaluation), da política nacional de resíduos sólidos e das diretrizes da Global Reporting Initiative.A aplicação do modelo calcula uma pontuação que corresponde a um nível (comprometedor; mercado e excelência) de evidenciação ambiental. Os itens evidenciados em nível de excelência são reciclagem dos resíduos sólidos e logística reversa. Na análise dos dados constatou-se que as informações sobre a redução dos resíduos sólidos (ano anterior comparado ao ano atual) são evidenciadas de maneira comprometedora. A média do índice Waste-EDE foi de 76,80 pontos, representando um nível de mercado. Conclui-se, corroborando com pesquisas anteriores, que as empresas pertencentes a segmentos potencialmente poluidores tendem divulgar informações ambientais voluntariamente.Palavras-chave: Evidenciação ambiental. Resíduos sólidos. Empresas potencialmente poluidoras. BM&FBOVESPA.",Evidenciação ambiental. Resíduos sólidos. Empresas potencialmente poluidoras. BM&FBOVESPA.,4,Tiago Lucimar da Silva,Ernesto Fernando Rodrigues Vicente,Elisete Dahmer Pfitscher,Fabrícia Silva da Rosa,,,Fundação Universidade Regional de Blumenau,,,,,,https://periodicos.ufrn.br/ambiente/article/view/4149,Revista Ambiente Contábil
2017-07-11,INDICADORES DE DESEMPENHO E VALOR DE MERCADO: UMA ANÁLISE NAS EMPRESAS LISTADAS NA BM&FBOVESPA,"O estudo investigou a relação entre os indicadores de desempenho e o valor de mercado das companhias listadas na BM&FBovespa, por meio da análise de seis variáveis de desempenho (giro do ativo, ROA, ROE, margem líquida, EBITDA e margem EBITDA) em correlações de Pearson e regressões lineares múltiplas com dados em painel. Vislumbrando-se atender ao objetivo geral proposto, adotou-se como objetivos específicos: (i) investigar o comportamento dos indicadores de desempenho das firmas, bem como seus valores de mercado, ao longo período analisado e (ii) verificar se a relação entre indicadores de desempenho e valor de mercado das firmas tem comportamento diferenciado em função do setor econômico do qual as empresas estão inseridas. Os dados foram extraídos da base de dados Economática®, o período de análise compreende os anos de 2009 a 2014 e a amostra é composta 88 companhias. Os resultados sugeriram que a margem líquida, o EBITDA e a margem EBITDA são, de modo geral, os indicadores com maior influência sobre o valor de mercado das empresas brasileiras, enquanto giro do ativo, ROA e ROE não se mostraram relevantes para a formação do preço das ações das empresas. Pôde-se apresentar, ainda, evidências de diferenças na significância dos indicadores sobre os valores de mercado das firmas em função dos respectivos setores econômicos.",Indicadores de Desempenho. Valor de Mercado. Companhias Abertas.,4,José Felipe da Rocha Oliveira,Dante Baiardo Cavalcante Viana Junior,Vera Maria Rodrigues Ponte,Sylvia Rejane Magalhães Domingos,,,Universidade Federal do Ceará,Universidade Federal do Ceará,Universidade Federal do Ceará,Universidade Federal do Ceará,,,https://periodicos.ufrn.br/ambiente/article/view/10787,Revista Ambiente Contábil
2014-01-06,ALISAMENTO DE RESULTADOS E DISCLOSURE AMBIENTAL: UMA INVESTIGAÇÃO NO SETOR DE SIDERURGIA E METALURGIA BRASILEIRO,"O presente estudo tem como objetivo investigar a existência de associação entre a prática de alisamento de resultados e a prática de disclosure de informações ambientais pelas empresas do setor de siderurgia e metalurgia no Brasil. A amostra foi selecionada da população de empresas listadas na BM&FBOVESPA, sendo composta por 22 empresas. As atividades das empresas selecionadas são de alto impacto ambiental conforme a Lei 10165/2000. As informações ambientais foram coletadas nos Relatórios da Administração [RA´s] e Notas Explicativas [NE´s] na base de dados da BM&FBOVESPA. As informações financeiras foram coletadas nos Demonstrativos Financeiros [DF´s] na base de dados da Economática®, foram identificadas nos RA´s e NE´s 542 sentenças, classificadas em “notícias boas” [n=351], “notícias neutras” [n=169] e “notícias ruins” [n=22]. O modelo de Eckel (1981) - Índice de Eckel [IE] - foi utilizado para identificar as empresas com indícios e sem indícios de alisamento de resultados. Para analisar a associação entre IE e Notícias [Boas, Neutras e Ruins] foi calculado o Coeficiente de Correlação de Spearman. O resultado evidencia correlação baixa das empresas com indício de alisamento apenas com informações divulgadas classificadas com o atributo “notícias neutras”.Palavras-chave: Gerenciamento, Alisamento de resultado, Disclosure ambiental.",Gerenciamento. Alisamento de resultado. Disclosure ambiental.,4,Susana Cipriano Dias Raffaelli,Hugo Dias Amaro,Wesley Vieira Silva,Lauro Brito Almeida,,,Universidade Federal do Paraná,Universidade Federal do Paraná,Pontifícia Universidade Católica do Paraná,Universidade Federal do Paraná,,,https://periodicos.ufrn.br/ambiente/article/view/4122,Revista Ambiente Contábil
2017-01-02,GRAU DE ADERÊNCIA AOS INDICADORES DE DESEMPENHO AMBIENTAL DO GRI EM UM MERCADO EMERGENTE: UMA ANÁLISE EM EMPRESAS COM POTENCIAL POLUIDOR EM DOIS SEGMENTOS,"O objetivo foi analisar o grau de evidenciação dos indicadores da vertente ambiental dos relatórios de sustentabilidade do ano de 2013 de empresas listadas na BMF&Bovespa, de dois segmentos e com potencial poluidor, frente ao novo padrão Global Reporting Initiative - GRI. O estudo tem caráter descritivo e abordagem qualitativa. A coleta dos dados foi realizada por meio de fontes secundárias constantes nos Relatórios de Sustentabilidade. A amostra foi composta por 4 empresas (Duratex, Petrobrás, Irani e Braskem). O objeto de análise foram as informações relativas aos indicadores da vertente ambiental elaborados pelas diretrizes gerais fornecidas pelo GRI em sua quarta versão. Os resultados do estudo corroboraram para a confirmação de pesquisas anteriormente realizadas, apontando para o fato de que em mercados emergentes, as organizações não se atêm às decisões gerenciais sustentáveis. Evidenciou-se que, não existe total transparência nas informações relativas à dimensão ambiental. Por fim, observou-se que as empresas do setor petroquímico apresentaram GAPIE superior se comparado às empresas do setor de papel e celulose.Palabras-clave: Indicadores de desempenho. Ambiental. Global Reporting Initiative (GRI)",,3,Thales Luiz Gomes Braga Silva,Leonardo Caixeta de Castro Maia,Edvalda Araújo Leal,,,,Faculdade de Ciências Contábeis/ Universidade Federal de Uberlândia,Faculdade de Gestão e Negócios/ Universidade Federal de Uberlândia,,,,,https://periodicos.ufrn.br/ambiente/article/view/7463,Revista Ambiente Contábil
2020-07-01,Tratamento e análise de resíduos da produção de açaí: um estudo sob a ótica da ecoeficiência,"Objetivo: Esta pesquisa teve como principal objetivo levantar junto aos estabelecimentos de venda de açaí da Região Metropolitana de Belém – PA (RMB), qual tratamento está sendo designado aos resíduos (caroços de açaí), tendo como parâmetros de análise o ponto de vista contábil e o socioambiental, sob a ótica da Política Nacional de Resíduos Sólidos (PNRS), dentro de um contexto de ecoeficiência.
Metodologia:  Foi realizada pesquisa exploratória, transversal, por meio de levantamento, junto à 80 estabelecimentos de produção de açaí da RMB.
Resultados: Os resultados apontaram que os respondentes, em parte, possuem conhecimento acerca da gestão socioambiental e do que é impacto socioambiental, entretanto, não possuem plano de gerenciamento de resíduos sólidos, e, na percepção da maioria deles, a obrigatoriedade de realizar a correta destinação dos caroços de açaí é da prefeitura, o que demonstra desconhecimento acerca das diretrizes da PNRS. Quanto ao tratamento dos resíduos do açaí, a maioria respondeu que os caroços são destinados a aterros, a despeito das possibilidades de reaproveitamento. Quando analisado o tratamento dos resíduos pela ótica contábil-financeira, observou-se como inexistente, o que pode estar associado com o tipo de formalização (ou a sua falta) e o fato de não terem apoio profissional para realizar a gestão do negócio.
Contribuições do Estudo: O presente trabalho visa contribuir para a discussão acerca da importância de estabelecer planos de incentivo e/ou orientação para o reaproveitamento, para que os empreendedores de açaí possam desfrutar dos benefícios financeiros e melhor contribuir para a redução dos impactos ambientais, realizando uma gestão ecoeficiente.",contabilidade ambiental. gestão socioambiental. ecoeficiência. resíduos de açaí.,2,Márcia Athayde Moreira,Ana Lidia Ferreira de Sousa,,,,,Universidade da Amazônia,Universidade Federal do Pará,,,,,https://periodicos.ufrn.br/ambiente/article/view/18923,Revista Ambiente Contábil
2012-10-17,TERMÔMETRO AMBIENTAL: UM ESTUDO SOBRE NÍVEIS DE COMPROMETIMENTO E DESEMPENHO DA GESTÃO AMBIENTAL DE UMA EMPRESA DO SETOR FABRIL DO ESTADO DE SANTA CATARINA,"A presente pesquisa visa analisar o efeito do nível de comprometimento no desempenho ambiental de uma empresa do setor têxtil do Estado de Santa Catarina. Para atingir este objetivo aplica-se um questionário estruturado composto de 28 questões fechadas e uma análise de conteúdo do relatório de sustentabilidade do ano de 2011. O questionário é construído a partir da revisão de literatura sobre controle e evidenciação ambiental, a análise de conteúdo por sua vez, é realizada baseando-se nos 103 critérios de avaliação do modelo EDE. Como resultado verifica-se que a empresa compromete-se formalmente com questões relacionados à água, energia, emissões de efluentes e resíduos, e estabelece metas de redução de água e energia. A responsabilidade profissional é incentivada, estabelece políticas e abordagem gerenciais em prol do meio ambiente. Como conseqüência deste comprometimento, percebe-se que a empresa possui controles e estabelece metas para a gestão ambiental, contudo, necessita ampliar seus níveis de evidenciação ambiental.Sugere-se para pesquisas futuras: (i) estudo de multi-casos; (ii) ampliar o período de analise dos relatório para avaliar também a evolução das informações prestadas; (iii) correlacionar dados do comprometimento, da gestão e da informação com o desempenho econômico e financeiro das empresas. Palavras-chaves: Comprometimento. Desempenho. Gestão ambiental. Avaliação de desempenho. Indicadores.",s Comprometimento. Desempenho. Gestão ambiental. Avaliação de desempenho. Indicadores.,4,Fabrícia Silva da Rosa,Gabriel Donadio Costa,Elisete Dahmer Pifitscher,Rogério João Lunkes,,,UFSC,UFSC,UFSC,UFSC,,,https://periodicos.ufrn.br/ambiente/article/view/2137,Revista Ambiente Contábil
2012-06-07,CONTABILIDADE AMBIENTAL: UM ESTUDO BIBLIOMÉTRICO EM REVISTAS CIENTÍFICAS BRASILEIRAS,"A crescente preocupação com as questões ambientais e a divulgação das ações desenvolvidas pelas empresas aliadas aos estudos realizados pela área contábil, torna relevante o levantamento acerca do tema Contabilidade Ambiental. Os estudos nesta área resultaram em uma pesquisa bibliométrica desenvolvida nas revistas das instituições que possuem programas de Pós-Graduação em nível de Doutorado em Ciências Contábeis. Nesse contexto a pesquisa se limitou a verificar a quantidade de artigos de contabilidade ambiental publicados, as referências utilizadas, relacionando essas variáveis e sintetizando os temas e contribuições desses trabalhos. A metodologia adotada classifica a pesquisa como quantitativa e qualitativa, realizada por meio de uma análise do tipo survey sobre tópicos relacionados ao tema “Contabilidade Ambiental”. O método utilizado para a seleção dos dados foi a pesquisa bibliométrica. Observou-se que existem poucas publicações científicas sobre o tema, dentre estas publicações destacam-se a aplicabilidade e evidenciação dos fatores ambientais, e as informações sobre Contabilidade Ambiental ainda não são consideradas como relevantes. PALAVRAS-CHAVE: Gestão Ambiental. Contabilidade Ambiental. Bibliometria.   ABSTRACT The growing concern over environmental issues and disclosure of actions taken by companies allied to studies conducted by the accounting department, makes relevant the survey on the subject Environmental Accounting. The studies in this area resulted in a bibliometric survey developed in the journals of the institutions that have programs for graduate-level PhD in Accounting. In this context the research was limited to verifying the amount of environmental accounting published articles, the references used, relating these variables and summarizing the issues and contributions of this work. The methodology classifies as quantitative and qualitative research, conducted through an analysis of the type of survey on topics related to the theme ""Environmental Accounting"". The method used for the selection of data was the bibliometric survey. It was observed that there are few scientific publications on the subject, among these publications highlight the applicability and disclosure of environmental factors, and information on Environmental Accounting are still not considered as relevant.   KEY WORDS: Environmental Management. Environmental Accounting. Bibliometric.",,5,Débora Pool da Silva Freitas,Jozi Cristiane da Costa Quaresma,Solimar Riograndino Zabot Schmitt,Taiane Lemõns Gonçalves,Alexandre Costa Quintana,,,,,,,,https://periodicos.ufrn.br/ambiente/article/view/1909,Revista Ambiente Contábil
2014-07-03,ESTRATÉGIAS DE QUALIDADE AMBIENTAL E DE PRODUÇÃO MAIS LIMPA NO SETOR DE CONSTRUÇÃO CIVIL,"Nas últimas décadas a temática em torno das questões que permeiam o meio ambiente se constituiu um dos assuntos relevantes dentro das muitas discussões no contexto das organizações. Nesse sentido, o objetivo dessa pesquisa se concentra em identificar as estratégias empresariais adotadas pelos gestores do setor de construção civil da cidade de Campina Grande, PB, em relação à qualidade ambiental e produção mais limpa. Para tanto, foi realizada uma pesquisa exploratória e descritiva, através de um questionário estruturado, junto a uma amostra de 41 empresas de um total de 67 organizações. O tipo de amostragem adotada foi a não probabilística e por acessibilidade. Os resultados evidenciam as estratégias mais usuais no sentido de obter a P+L, dentre elas, o treinamento de funcionários e a melhoria tecnológica. No entanto, boa parte dos respondentes não utiliza nenhuma técnica de P+L. Quanto ao tratamento dos resíduos da produção foi possível identificar que estão sendo destinados para o lixão da cidade. Apenas uma empresa utiliza tratamento dos entulhos em projetos paisagísticos, não obstante a estratégia mais relevante utilizada pelos gestores foi racionalização construtiva. Com tais resultados pode-se inferir e reconhecer que as estratégias adotadas pelos gestores do segmento estudado necessitam de uma redefinição, uma vez que o nível de competitividade de uma empresa depende de um conjunto de fatores, que se inter-relacionam dentro de questões econômicas, sociais e ambientais.Palavras-chave: Qualidade Ambiental. Produção Mais Limpa. Setor de Construção Civil.",Qualidade Ambiental. Produção Mais Limpa. Setor de Construção Civil.,3,Janayna Rodrigues de Morais Luz,Paulo Roberto Nóbrega Cavalcante,José Ribamar Marques de Carvalho,,,,Professora da Universidade Estadual da Paraíba,Universidade Federal da Paraíba e Programa Multiinstitucional e Inter,UFCG,,,,https://periodicos.ufrn.br/ambiente/article/view/4143,Revista Ambiente Contábil
2013-09-11,UM ESTUDO EMPÍRICO SOBRE GESTÃO DE CUSTOS E RISCOS AMBIENTAIS EM EMPRESAS ATUANTES NO BRASIL,"A gestão ambiental difere entre as empresas, em vista de sua exposição aos riscos. Em vista disso, o objetivo deste estudo é identificar a relação entre Risco Ambiental e Gestão de Custos ambientais em empresas atuantes no Brasil. Esta pesquisa é aplicada e exploratória e foi realizada mediante um questionário com escala Likert a um grupo de 587 empresas selecionadas a partir da lista Valor1000, obtendo–se 39 respostas. O referido instrumento foi submetido à dupla avaliação por análise de validade de conteúdo e pré-teste com amostra preliminar, sendo aceito. A análise das respostas evidenciou correlação positiva entre Risco Ambiental e Gestão dos Custos Ambientais, sinalizando que quanto maior o risco, maior a preocupação com a gestão de custos ambientais. Esta relação pode ser explicada pela existência de uma forte correlação entre a percepção de risco dos gestores e os instrumentos efetivos de gestão adotados pelas empresas. Há também percepção dos gestores da elevação de custos ambientais nos últimos anos. Foi possível verificar que muitas empresas não adotam instrumentos de Gestão dos Custos ambientais recomendados pela literatura, embora algumas tenham posturas ambientais estratégicas que ultrapassam o mero cumprimento da lei.",,3,Eloy Antônio Fenker,Carlos Alberto Diehl,Tiago Wickstron Alves,,,,Programa de Pós,Universidade do Vale do Rio dos Sinos,Professor do Programa de Pós,,,,https://periodicos.ufrn.br/ambiente/article/view/4155,Revista Ambiente Contábil
2020-01-03,Indicadores de desenvolvimento sustentável das mesorregiões catarinenses: uma análise comparativa,"Objetivo: Este estudo tem como objetivo analisar o desempenho sustentável das mesorregiões catarinenses a partir dos indicadores de desenvolvimento sustentável propostos pela Federação Catarinense de Municípios (FECAM).
Metodologia: Para analisar do desempenho sustentável das mesorregiões catarinenses, realizou-se uma pesquisa descritiva, documental e com abordagem quali-quantitativa. A amostra do estudo compreendeu as seis mesorregiões do estado de Santa Catarina, a saber, Serrana, Norte Catarinense, Oeste Catarinense, Sul Catarinense, Vale do Itajaí e Grande Florianópolis. Os dados do Índice de Desenvolvimento Municipal Sustentável - IDMS foram coletados no site da FECAM e compreendem o ano de 2018. A análise considerou as técnicas da estatística descritiva e da correlação.
Resultados: Os resultados revelam um estado formado por 5 mesorregiões que possuem um desempenho sustentável considerado mediano-baixo, e 1 mesorregião com um desempenho sustentável mediano, a qual consiste na mesorregião do Vale do Itajaí cujo IDMS foi de 0,625. Esse resultado está refletido, de modo geral, nos baixos índices de gestão ambiental, dinamismo econômico e distribuição de riqueza, demonstrando que as dimensões Econômica e Ambiental merecem atenção por parte dos gestores públicos municipais, pois ficaram localizadas entre as faixas Médio baixa e Baixa de desenvolvimento sustentável. Nenhuma das quatro dimensões, nem o IDMS consolidado das mesorregiões catarinenses classificam-se com desempenho sustentável considerado Alto ou Médio alto. De modo geral, houve leve piora no desenvolvimento das mesorregiões entre 2016 e 2018.
Contribuições do Estudo: Com a avaliação do desenvolvimento sustentável das mesorregiões, o estudo contribui com a literatura acerca dos sistemas de indicadores a nível regional e para o desenvolvimento regional sustentável permitindo a compreensão do processo de desempenho sustentável dos municípios que compõe essas mesorregiões, além de possibilitar o acompanhamento e a comparabilidade desse desempenho. O estudo também contribui para a implantação da gestão com foco em resultados, que é a principal indicação da nova gestão pública, cuja ênfase incide sobre o uso eficaz da informação.",Desenvolvimento Sustentável. Indicadores de Sustentabilidade. Mesorregiões.,2,Luana Caroline da Silva,Fabricia Silva da Rosa,,,,,UNIVERSIDADE FEDERAL DE SANTA CATARINA,Universidade Federal de Santa Catarina,,,,,https://periodicos.ufrn.br/ambiente/article/view/18340,Revista Ambiente Contábil
2018-06-15,COERÊNCIA NA EVIDENCIAÇÃO DAS PRÁTICAS AMBIENTAIS DAS EMPRESAS LISTADAS NO ÍNDICE DE SUSTENTABILIDADE EMPRESARIAL (ISE),"O objetivo da pesquisa é analisar se as empresas listadas na BM&FBOVESPA e que divulgaram suas respostas no Índice de Sustentabilidade Empresarial (ISE) estão respondendo o seu questionário, no âmbito ambiental, de forma coerente com os seus relatórios de sustentabilidade. Metodologicamente, a pesquisa possui caráter descritivo, com abordagem qualitativa. A amostra do estudo é constituída por dezoito empresas do Grupo A que divulgaram suas respostas no questionário de 2013 a 2016, alusivos à dimensão ambiental, em consonância com os seus relatórios de sustentabilidade publicados até 05/2017. Foram analisados os critérios de Política, Gestão, Desempenho e Cumprimento Legal. Como principais resultados, foi observado que no critério Política, as empresas não apresentaram divergências no indicador relacionado ao compromisso, abrangência e divulgação. No critério de Gestão ressalta-se que a relação divergente sobre o nível hierárquico do gestor ambiental foi de 83% em 2013 e evoluiu gradativamente para 5% em 2016. O critério Desempenho mudou de 100% de conformidade em 2013 para 39% em 2016, no indicador gerenciamento e, monitoramento relacionado a sustentabilidade. Por fim, no critério Cumprimento Legal notou-se uma variabilidade nos resultados, visto que as empresas tendem a não divulgar suas ações e penalidades nos relatórios.",Evidenciação Ambiental. Relatório de Sustentabilidade. ISE.,3,Bruna Sales,Suliani Rover,Janaína da Silva Ferreira,,,,Universidade Federal de Santa Catarina,Universidade Federal de Santa Catarina,Universidade Federal de Santa Catarina,,,,https://periodicos.ufrn.br/ambiente/article/view/12641,Revista Ambiente Contábil
2015-06-04,DETERMINANTES DO DISCLOSURE AMBIENTAL NOS RELATÓRIOS DE EMPRESAS LISTADAS NA BOVESPA,"Este trabalho teve como objetivo investigar os determinantes que influenciam as divulgações ambientais nos relatórios anuais das empresas listadas na BM&FBOVESPA. Para alcançá-lo, foram coletadas as demonstrações contábeis referentes a 2012 de 43 empresas que estão inseridas nos setores de alto impacto ambiental de acordo com a lei 10.165/00. Para análise dos dados foi realizada uma análise de conteúdo pela contagem de palavras por meio do Nvivo 10. Após a classificação, organização e categorização dos dados foi aplicado um modelo de regressão linear múltiplo. Diante os resultados apresentados inferiram-se que o fato de as empresas serem maiores ou terem uma alta rentabilidade não influencia no aumento da quantidade de divulgações de informações ambientais. Enquanto que as organizações privadas auditadas por Big Four tendem a fazer mais divulgações ambientais nos seus relatórios anuais do que as empresas privadas não auditadas por Big Four e do que as empresas públicas auditadas ou não por Big Four. Quanto às limitações pode-se destacar o tamanho da amostra. Nesse sentido, sugere-se para pesquisas futuras a ampliação da amostra e uma maior quantidade de variáveis.Palavras-chave: Contabilidade Ambiente. Disclosure Ambiental. Teoria da Legitimidade.",Contabilidade Ambiente. Disclosure Ambiental. Teoria da Legitimidade.,5,Márcio Nunes da Silva,José Alexandre Soares de Oliveira Lima,Maurício Assuero Lima de Freitas,Lucivaldo Lourenço da Silva Filho,Umbelina Cravo Teixeira Lagioia,,UNIVERSIDADE FEDERAL DE PERNAMBUCO,,,,,,https://periodicos.ufrn.br/ambiente/article/view/5787,Revista Ambiente Contábil
2018-01-09,ÍNDICE DE SUSTENTABILIDADE EMPRESARIAL: UMA ANÁLISE ACERCA DA EVIDENCIAÇÃO DO PASSIVO AMBIENTAL,"O objetivo deste artigo é descrever como as empresas participantes do Índice de Sustentabilidade Empresarial (ISE) da BM&F BOVESPA, declararam-se em relação a seus passivos ambientais durante o período de 2012-2015. A pergunta norteadora consiste em: Como as empresas participantes do ISE da BM&F BOVESPA se auto declararam em relação a seus passivos ambientais no período 2012-2015. A partir da prospecção dos relatórios de 67 empresas que participaram do ISE neste período, e que tratou, especificamente, sobre a sua situação em relação a eventuais passivos ambientais, foi possível perceber que 43% das empresas que responderam ao questionário nos anos 2012-2015 declararam não possuir passivos ambientais. Outrossim, apenas 9% declararam possuir passivos ambientais, provisionaram recursos para o seu saneamento, divulgaram a existência destes passivos nos relatórios pertinentes e estabeleceram metas para o saneamento integral de seus passivos - comprovados por meio de documentos que somente a BM&F BOVESPA tem acesso – o que demostra um baixo nível de evidenciação ambiental por parte das empresas do ISE, fato este que prejudica os investidores e outros usuários das demonstrações financeiras.",Evidenciação Ambiental. Passivo Ambiental. Índice de Sustentabilidade Empresarial.,4,Mário Carvalho Filho,Márcio Sampaio Pimentel,Rafaela Maria José Bertino,Anália Regina Lima Oliveira,,,UNIVERSIDADE FEDERAL RURAL DE PERNAMBUCO,Universidade Federal Rural de Pernambuco,Universidade Federal Rural de Pernambuco,Universidade Federal Rural de Pernambuco,,,https://periodicos.ufrn.br/ambiente/article/view/11053,Revista Ambiente Contábil
2015-01-08,RELATO DE SUSTENTABILIDADE DE EMPRESAS DA CONSTRUÇÃO CIVIL EM PORTUGAL E ESPANHA,"O relatório de sustentabilidade é a prática de medir e divulgar através de um relatório, o desempenho económico, social e ambiental de uma organização empresarial. O processo de divulgação é voluntário, no entanto verifica-se um gradual crescimento na divulgação desta informação. Este estudo pretende caracterizar as práticas de divulgação de sustentabilidade no setor da construção civil em Portugal e em Espanha referente aos anos de 2009 a 2011 que efetuem relatório de sustentabilidade de acordo com a estrutura de divulgação da Global Reporting Initiative. Para recolha dos dados necessários ao estudo utilizou-se a análise de conteúdo. Analisou-se então, os relatórios e contas e relatórios de sustentabilidade da população em estudo.Palavras-chave: Relatório de Sutentabilidade. Divulgação. GRI.",Relatório de Sutentabilidade. Divulgação. GRI.,2,Dina Costa Caetano,Teresa Cristina Pereira Eugénio,,,,,Escola Superior de Tecnologia e Gestão,Escola Superior de Tecnologia e Gestão,,,,,https://periodicos.ufrn.br/ambiente/article/view/5711,Revista Ambiente Contábil
2021-01-02,Balanced scorecard e a questão ambiental: um estudo sobre a percepção dos controllers,"Objetivo: A presente pesquisa objetivou analisar a percepção dos controllers sobre o Balanced Scorecard e a questão ambiental e descrever o perfil destes profissionais.
 Metodologia: Metodologicamente, é uma pesquisa exploratória-descritiva de abordagem quantitativa, com procedimento do tipo survey. O tratamento dos dados foi feito por meio da estatística descritiva. O período de coleta foi de novembro de 2018 a janeiro de 2019 ao qual foram enviados 343 questionários para um grupo de profissionais controllers que fazem parte na rede sociais LinkedIn do Brasil que atuam ou atuaram nesta função, logrando êxito em 27 questionários respondidos.  
 Resultados: Os respondentes tem idade entre 35 e 44 anos. 77,78% tem formação em Ciências Contábeis, 62,96% possui especialização. Possuem em média 11 anos de formação e 16 anos de atuação profissional como controller. Sobre a percepção dos respondentes em relação ao Balanced Scorecard e a questão ambiental, constatou-se que duas nomenclaturas foram bem aceitas, sendo elas: Balanced Scorecard Sustentável e Green Balanced Scorecard. Tendo estes, uma estrutura composta por indicadores ambientais inseridos em suas quatro perspectivas tradicionais.
Contribuições do Estudo: é um tema atual e relevante dentro do contexto da gestão e contabilidade e também das ferramentas de gestão empresarial. Uma vez que o BSC é explorado em sua forma tradicional. A partir da revisão bibliográfica identificaram-se poucos estudos sobre o BSC e a questão ambiental. Com isto, a pesquisa buscou contribuiu de forma empírica evidenciando o que os profissionais da área de controladoria entendem sobre o BSC Ambiental, e a melhor forma que este poderá ser aplicado nas organizações.",Balanced Scorecard Ambiental. Controller. Percepção,2,Maria do Rosário da Silva,Antônio André Cunha Callado,,,,,Professora do Curso de Ciências Contábeis,Professor Titular do Departamento de Administração,,,,,https://periodicos.ufrn.br/ambiente/article/view/20068,Revista Ambiente Contábil
2020-07-01,Tratamento e análise de resíduos da produção de açaí: um estudo sob a ótica da ecoeficiência,"Objetivo: Esta pesquisa teve como principal objetivo levantar junto aos estabelecimentos de venda de açaí da Região Metropolitana de Belém – PA (RMB), qual tratamento está sendo designado aos resíduos (caroços de açaí), tendo como parâmetros de análise o ponto de vista contábil e o socioambiental, sob a ótica da Política Nacional de Resíduos Sólidos (PNRS), dentro de um contexto de ecoeficiência.
Metodologia:Foi realizada pesquisa exploratória, transversal, por meio de levantamento, junto à 80 estabelecimentos de produção de açaí da RMB.
Resultados: Os resultados apontaram que os respondentes, em parte, possuem conhecimento acerca da gestão socioambiental e do que é impacto socioambiental, entretanto, não possuem plano de gerenciamento de resíduos sólidos, e, na percepção da maioria deles, a obrigatoriedade de realizar a correta destinação dos caroços de açaí é da prefeitura, o que demonstra desconhecimento acerca das diretrizes da PNRS. Quanto ao tratamento dos resíduos do açaí, a maioria respondeu que os caroços são destinados a aterros, a despeito das possibilidades de reaproveitamento. Quando analisado o tratamento dos resíduos pela ótica contábil-financeira, observou-se como inexistente, o que pode estar associado com o tipo de formalização (ou a sua falta) e o fato de não terem apoio profissional para realizar a gestão do negócio.
Contribuições do Estudo: O presente trabalho visa contribuir para a discussão acerca da importância de estabelecer planos de incentivo e/ou orientação para o reaproveitamento, para que os empreendedores de açaí possam desfrutar dos benefícios financeiros e melhor contribuir para a redução dos impactos ambientais, realizando uma gestão ecoeficiente.",contabilidade ambiental. gestão socioambiental. ecoeficiência. resíduos de açaí.,2,Marcia Athayde Moreira,Ana Lidia Ferreira de Sousa,,,,,Professor from the Universidade da Amazônia,Universidade Federal do Pará,,,,,https://periodicos.ufrn.br/ambiente/article/view/21519,Revista Ambiente Contábil
2014-07-25,REVISTA UNIVERSO CONTÁBIL: UMA ANÁLISE DO PERFIL DA PRODUÇÃO CIENTÍFICA SOB A ÓTICA DA BIBLIOMETRIA E DA REDE SOCIAL DE 2005 A 2012,"Este artigo mapeou o perfil e a evolução da produção científica da Revista Universo Contábil. Para este fim, foi analisada as publicações realizadas neste periódico, no período de 2005 a 2012. Este estudo se baseou em técnicas de análise bibliométrica e de rede social, utilizando-se de estatística descritiva em 245 artigos identificados, por meio da pesquisa documental. Os principais resultados foram os seguintes: predominância de artigos em parceria; Souza, M. A. de e Feliu, V R., foram os autores que mais publicaram; centralidade da rede de coautoria; a Universidade de São Paulo foi a IES que mais publicou e é a mais central deste estudo; predomínio dos periódicos nas referências; Kaplan, R. S. foi o pesquisador mais citado; a abordagem e o método de pesquisa que se destacaram respectivamente nesta pesquisa foram a quantitativa e a pesquisa documental. Os temas mais vistos nos 245 artigos analisados foram: contabilidade de custos, ensino e pesquisa, evidenciação/disclosure contábil, contabilidade ambiental e contabilidade internacional. Conclui-se, que o acervo da Revista Universo Contábil, reflete, de maneira macro, o universo da produção acadêmica da área, contribuindo, assim, para desenvolver, disseminar, fomentar e socializar a área contábil, por meio de seus artigos científicos publicados na literatura acadêmica nacional. Remete a Lei de Bradford que foca e destaca o grau de relevância da revista ora investigada.Palavras chave: Revista Universo Contábil; Bibliometria; Rede Social; Ensino e Pesquisa; Área Contábil.",,1,Henrique César Melo Ribeiro,,,,,,Faculdade Maurício de Nassau,,,,,,https://periodicos.ufrn.br/ambiente/article/view/5083,Revista Ambiente Contábil
2017-01-02,GESTÃO DE CAPITAL DE GIRO E FORMAÇÃO DO PREÇO DE VENDA PRATICADO PELAS MICRO E PEQUENAS EMPRESAS,"O objetivo deste artigo é verificar se os gestores das micro e pequenas empresas conhecem e utilizam  o gerenciamento do Capital de Giro  e a precificação de seus produtos, mercadorias e serviços. Visando alcançar  esse objetivo, fez-se uma revisão da literatura sobre gestão de capital de giro e formação de preço de venda, investigando-se a amplitude tanto no campo teórico quanto no campo prático. No que concerne,  à metodologia  realizou-se uma pesquisa de campo com entrevistas face-a-face e semiestruturadas em nove empresas que atuam nos setores comercial, industrial e de serviços, localizadas nos municípios de Jundiaí, Campo Limpo Paulista e Jarinu, pertencentes ao Aglomerado Urbano de Jundiaí. Os resultados da pesquisa revelam que apesar do pouco conhecimento que os empresários têm sobre gerenciamento de capital de giro, a grande maioria (89%) faz reservas para suprir eventuais dificuldades financeiras. Com relação à precificação de seus produtos, mercadorias e serviços, as empresas adotam o critério de calcular os custos diretos e acrescentar uma margem entre 20% a 50%. Outro ponto visível nos resultados obtidos foi a falta de orientação dos microempreendedores de seus contadores, levando-os a tomar decisões baseadas, principalmente, mais na intuição e sensibilidade do que no conhecimento.Palavras-chave: Capital de Giro, Gestão, Preço de Venda, Micro e Pequenas Empresas.",Capital de Giro. Gestão. Preço de Venda. Micro e Pequenas Empresas.,5,Olga Graciela Diaz Domingues,João Eduardo Prudêncio Tinoco,Mariano Yoshitake,Wanderlei Lima de Paulo,José Alberto Carvalho dos Santos Claro,,Universidade do Vale do Rio dos Sinos,,,,,,https://periodicos.ufrn.br/ambiente/article/view/8558,Revista Ambiente Contábil
2017-07-11,EMPRESAS POTENCIALMENTE POLUIDORAS: DETERMINANTES QUE INFLUENCIAM A DIVULGAÇÃO VOLUNTÁRIA DE INFORMAÇÕES AMBIENTAIS,"A divulgação voluntária de informações ambientais é tema que vem ganhando espaço na gestão das organizações, uma vez que, segundo a teoria da divulgação, influencia diretamente na percepção de valor da empresa pelas diversas partes interessadas. O objetivo desta pesquisa é verificar quais fatores determinantes influenciam a divulgação voluntária de informações ambientais das empresas consideradas potencialmente poluidoras, listadas na BM&FBovespa no ano de 2014, ressaltando o contexto da sustentabilidade. Nesse sentido, com base em pesquisas anteriores, foi selecionado um conjunto de variáveis que poderiam impactar no maior ou menor número de informações ambientais divulgadas. A amostra analisada somou 42 empresas. Os dados foram submetidos à análise de regressão múltipla e à correlação de Pearson. Os resultados indicam que a variável independente relatório de sustentabilidade confirma uma relação positiva com a variável dependente divulgação de informações ambientais, enquanto que as variáveis independentes tamanho, rentabilidade, endividamento e sustentabilidade não apresentaram significância estatística no modelo.",Teoria da divulgação. Divulgação de informações ambientais. Sustentabilidade.,4,Rafaele Potrich,Marcilde Sabadin,Rodrigo Angonese,André da Silva Pereira,,,Universidade de Passo Fundo,Universidade de Passo Fundo,Universidade de Passo Fundo,Universidade de Passo Fundo,,,https://periodicos.ufrn.br/ambiente/article/view/9696,Revista Ambiente Contábil
2021-07-02,Caso para ensino: a água que eu visto,"Objetivo: O objetivo deste caso é possibilitar a aprendizagem dos alunos sobre os impactos ambientais e seus efeitos, além de permitir que os mesmos utilizam métodos de valoração econômica do meio ambiente para internalizar as externalidades referentes aos impactos ambientais e sociais. Como o produto em questão é usado amplamente, há uma identificação entre o problema identificado neste caso, o da não internalização das externalidades (impactos sociais e ambientais), e os consumidores, neste caso, os próprios alunos.
Metodologia: A metodologia deste caso de ensino é qualitativa. Os alunos leem, discutem e aplicam o caso. Ao ler o caso, os estudantes aprendem as etapas do processo de lavagem de uma lavanderia. Na leitura e na discussão, os alunos podem identificar quais são os impactos ambientais e sociais diretos e indiretos e suas consequências. Por fim, são aplicados e discutidos os métodos de valoração econômica do meio ambiente, quando aplicáveis à situação.
Resultados: É possível identificar os impactos sociais e ambientais e analisar e discutir os efeitos desses impactos na gestão e na contabilidade.
Contribuições do Estudo: Espera-se que este Caso para Ensino possa ser utilizado em cursos de graduação e pós-graduação em disciplinas sobre meio ambiente e sustentabilidade, além de disciplinas relacionadas a custos e gestão.",impactos ambientais. impactos sociais. sustentabilidade. contabilidade ambiental. custos ambientais.,3,Aracéli Cristina de Sousa Ferreira,Luiz Carlos Miranda,Juliana Molina Queiroz,,,,Professora titular do Departamento de Ciências Contábeis na Universidade Federal do Rio de Janeiro,Universidade Federal de Pernambuco,Universidade Federal do Rio de Janeiro,,,,https://periodicos.ufrn.br/ambiente/article/view/22160,Revista Ambiente Contábil
2016-01-03,INSTITUCIONALIZAÇÃO DO BALANCED SCORECARD: O CASO DE UMA ORGANIZAÇÃO BRASILEIRA,"As organizações se veem cada vez mais obrigadas a inovar na utilização de ferramentas gerenciais para subsidiar o processo de tomada de decisão, a fim de criar vantagem competitiva diante de seus concorrentes. Neste contexto, o Balanced Scorecard é visto como uma ferramenta de avaliação do desempenho empresarial que extrapola aos indicadores contábeis e financeiros e ajuda a melhorar a gestão e o acompanhamento dos resultados da organização, pois tem como foco o planejamento estratégico e o desempenho organizacional. O presente trabalho tem como objetivo apresentar o processo de planejamento e desenvolvimento do BSC, bem como verificar se esta ferramenta gerencial encontra-se institucionalizada em uma organização do setor elétrico da região sul do Brasil. O estudo foi conduzido sob a estratégia de um estudo de caso e utilizou-se de dados levantados por meio de análise documental e entrevistas. Não foram verificados elementos suficientes para afirmar que a ferramenta se encontra institucionalizada, mas sim que esta encontra-se internalizada passando ainda por um período de adoção, mesmo que a decisão pela implantação tenha ocorrido em um momento de mudança do ambiente em que a organização estava inserida.Palavras-chave: Balanced Scorecard. Institucionalização. Teoria Institucional.",Balanced Scorecard. Institucionalização. Teoria Institucional.,3,Veronica Eberle de Almeida,Romualdo Douglas Colauto,Mayla Cristina Costa,,,,Universidade Positivo,Universidade Federal do Paraná,Universidade Federal do Paraná,,,,https://periodicos.ufrn.br/ambiente/article/view/6049,Revista Ambiente Contábil
2017-01-02,"DISCLOSURE SOCIOAMBIENTAL, REPUTAÇÃO CORPORATIVA E CRIAÇÃO DE VALOR NAS EMPRESAS LISTADAS NA BM&FBOVESPA","O estudo objetiva analisar a relação entre o disclosure socioambiental, a reputação corporativa e a criação de valor nas empresas listadas na BM&FBovespa. A pesquisa reúne uma amostra de 305 empresas, selecionadas a partir de sete rankings de reputação. Os resultados da pesquisa revelaram que (i) as empresas de setores de alto impacto ambiental apresentam maior disclosure socioambiental; (ii) o disclosure socioambiental possui uma relação positiva com a reputação corporativa; e (iii) a reputação corporativa está relacionada positivamente com a criação de valor, assim como apresenta relação negativa com o tamanho. Foi possível constatar ainda, que o disclosure socioambiental não apresenta significância com a criação de valor. Dessa forma, rejeita-se a hipótese de que o disclosure socioambiental e a reputação corporativa são positivamente relacionados com a criação de valor, pois somente a reputação corporativa apresentou relação com a criação de valor nas companhias de capital aberto pesquisadas.Palavras-chave: Disclosure socioambiental. Reputação corporativa. Criação de valor.",Disclosure socioambiental. Reputação corporativa. Criação de valor.,4,Artur Corrêa Lopes,Márcia Martins Mendes De Luca,Alan Diógenes Góis,Alessandra Carvalho de Vasconcelos,,,Universidade Federal do Ceará,Universidade Federal do Ceará – UFC,Universidade de São Paulo,Universidade Federal do Ceará,,,https://periodicos.ufrn.br/ambiente/article/view/10029,Revista Ambiente Contábil
2018-06-15,VERIFICAÇÃO DA CONFORMIDADE DOS RELATÓRIOS DE AUDITORIA DE EMPRESAS DO RAMO DA CONSTRUÇÃO CIVIL LISTADAS NA BM&FBOVESPA,"Este estudo teve por objetivo analisar o relatório do auditor independente das empresas do ramo da construção civil listadas na BM&FBOVESPA com o propósito de verificar a conformidade com as NBC TAs vigentes em 1° de janeiro de 2017. A pesquisa classifica-se como descritiva com análise de conteúdo e abordagem qualitativa dos dados, em uma coleta de 19 relatórios de auditoria. Embora haja críticas em relação ao emprego da análise qualitativa por não representar procedimentos rigorosos para guiar a correlação dos achados, os resultados apontam que 98% dos relatórios analisados estão em conformidade com as NBC TAs, seguindo o novo padrão de relatório do auditor. Foram emitidos 3 relatórios com negativa de opinião e 16 relatórios com opinião sem ressalva, sendo que, apenas dois relatórios destacam parágrafo de incerteza relevante relacionada com a continuidade operacional. Conclui-se que, apesar da maioria dos relatórios de auditoria terem sido emitidos com opinião sem ressalva, as incertezas estão presentes no setor da construção civil, tendo em vista o atual cenário de retração e crise do setor. Essas informações são importantes para a transparência e entendimento dos usuários das informações contábeis para a tomada de decisões.",Auditoria. Relatório da auditoria. Opinião do auditor.,5,Sirlei Tonello Tisott,Maria Irlane da Silva Peixoto,Tayná Aparecida Carvalho Zumba,Nilton Cezar Carraro,Marco Aurélio Batista de Sousa,,UFMS,Graduanda em Ciências Contábeis Universidade Federal de Mato Grosso do Sul,Graduanda em Ciências Contábeis Universidade Federal de Mato Grosso do Sul,UFMS,UFMS,,https://periodicos.ufrn.br/ambiente/article/view/13848,Revista Ambiente Contábil
2013-09-10,"SISTEMA DE CUSTOS MUNICIPAL: DESAFIOS, OBSTÁCULOS E PERCEPÇÃO NO CASO DO MUNICÍPIO DE VILHENA, RONDÔNIA","Dentre as muitas mudanças promovidas na contabilidade no setor público uma das principais é a implantação do sistema de custos, mas não havia prazo determinado para tal implantação. No entanto, haverá para 2014. Até o momento, o município de Vilhena, Estado de Rondônia, não possui um sistema de custos. Por esta razão, este estudo tem como objetivo principal responder à seguinte questão: quais os fatores que determinam as dificuldades para a implantação de um sistema de custos no município de Vilhena? Também, especificamente, procurou-se analisar a percepção dos gestores e servidores sobre o conhecimento de sistema de custos. O método foi um estudo de caso nesse município, pesquisa de campo, e utilizou-se o formulário, entrevistas e análise documental. Utilizou-se a tabulação de dados por comparações para analisar as respostas das 17 entrevistas. Analisaram-se os dados por comparação de respostas e, ainda, com estatística descritiva com frequência relativa. Concluiu-se que alguns fatores dificultam a implantação e desenvolvimento do sistema de custos como a falta de conhecimento do gestor, a falta de interesse desse tipo de controle, a falta de servidores especializados e capacitados (principalmente da área de tecnologia da informação), falta de estudos na área e de planejamento das atividades.",,4,Alexandre de Freitas Carneiro,Rosana Aparecida Almeida Correia Mittmann,José Arilson de Souza,Sidiney Rodrigues,,,Universidade Federal de Rondônia,Universidade Federal de Rondônia,Universidade Federal de Rondônia,Universidade Federal de Rondônia,,,https://periodicos.ufrn.br/ambiente/article/view/4151,Revista Ambiente Contábil
2021-07-02,Caso para ensino: a água que eu visto,"Objetivo: O objetivo deste caso é possibilitar a aprendizagem dos alunos sobre os impactos ambientais e seus efeitos, além de permitir que os mesmos utilizam métodos de valoração econômica do meio ambiente para internalizar as externalidades referentes aos impactos ambientais e sociais. Como o produto em questão é usado amplamente, há uma identificação entre o problema identificado neste caso, o da não internalização das externalidades (impactos sociais e ambientais), e os consumidores, neste caso, os próprios alunos.
Metodologia: A metodologia deste caso de ensino é qualitativa. Os alunos lêem, discutem e aplicam o caso. Ao ler o caso, os estudantes aprendem as etapas do processo de lavagem de uma lavanderia. Na leitura e na discussão, os alunos podem identificar quais são os impactos ambientais e sociais diretos e indiretos e suas consequências. Por fim, são aplicados e discutidos os métodos de valoração econômica do meio ambiente, quando aplicáveis à situação.
Resultados: É possível identificar os impactos sociais e ambientais e analisar e discutir os efeitos desses impactos na gestão e na contabilidade.
Contribuições do Estudo: Espera-se que este Caso para Ensino possa ser utilizado em cursos de graduação e pós-graduação em disciplinas sobre meio ambiente e sustentabilidade, além de disciplinas relacionadas a custos e gestão.",impactos ambientais. impactos sociais. sustentabilidade. contabilidade ambiental. custos ambientais.,3,Aracéli Cristina de Sousa Ferreira,Luiz Carlos Miranda,Juliana Molina Queiroz,,,,Federal University of Rio de Janeiro,Federal University of Pernambuco,Federal University of Rio de Janeiro,,,,https://periodicos.ufrn.br/ambiente/article/view/25738,Revista Ambiente Contábil
2014-07-03,VALOR DE MERCADO E DISCLOSURE VOLUNTÁRIO: ESTUDO EMPÍRICO EM COMPANHIAS LISTADAS NA BM&FBOVESPA,"Este estudo investiga empiricamente a relação entre o valor de mercado (mensurado pelo Q de Tobin) e a divulgação voluntária de informações econômicas, sociais e ambientais, em relatórios das companhias listadas na BM&FBovespa no período de 2007 a 2011. Os resultados desse estudo apontam a existência de relação significante e positiva entre a divulgação voluntária econômica e o valor de mercado das empresas; e uma relação significante e negativa entre o valor de mercado e a divulgação voluntária ambiental, sugerindo um trade off entre a visão do investidor e do gestor. Em relação à divulgação social voluntária, os resultados não apontaram existir relação significativa.Palavras-chave: Valor de mercado; Disclosure voluntário; Responsabilidade social corporativa.",Valor de mercado. Disclosure voluntário. Responsabilidade social corporativa.,4,Claudinéia Boaventura de Sousa,Aldy Fernandes da Silva,Maísa de Souza Ribeiro,Elionor Farah Jreige Weffort,,,Fundação Escola de Comércio Álvares Penteado,Fundação Escola de Comércio Álvares Penteado,"Faculdade de Economia, Administração e Contabilidade de Ribeirão Preto",Fundação Escola de Comércio Álvares Penteado,,,https://periodicos.ufrn.br/ambiente/article/view/4886,Revista Ambiente Contábil
2014-01-06,SUSTENTABILIDADE E PERFORMANCE DOS INDICADORES DE RENTABILIDADE E LUCRATIVIDADE: UM ESTUDO COMPARATIVO ENTRE OS BANCOS INTEGRANTES E NÃO INTEGRANTES DO ISE DA BM&FBOVESPA,"Esta pesquisa tem o propósito verificar os reflexos do desenvolvimento de ações de sustentabilidade socioambiental no contexto empresarial, através da comparação, entre os indicadores econômico-financeiros dos bancos sustentáveis com os indicadores dos bancos não sustentáveis. Em vista responder o seguinte questionamento: existe relação entre sustentabilidade socioambiental e melhor performance econômico-financeira das empresas enquadradas no Índice de Sustentabilidade Empresarial, no subsetor intermediários financeiros, Segmento Bancos listados na BMF&Bovespa, entre os anos de 2006 a 2011? Nesse sentido, por meio de uma pesquisa descritiva e exploratória, e abordagem quantitativa e qualitativa, busca-se responder a questão norteadora desse estudo. O universo da pesquisa são os setores das empresas listadas na BM&FBovespa, que possuíram e possuem no mínimo uma empresa que integrou e integra o ISE, entre os anos de 2006 a 2011. Contudo é possível concluir que, não há existência de sinergia suficiente para afirmar decisivamente que a sustentabilidade influi nos indicadores econômico-financeiros das empresas estudadas, o que de certa forma já era esperado, em virtude que essa relação poderá apresentar aspectos mais conclusivos no médio e longo prazo.Palavras-chaves: Bancos. Performance Econômico-financeira. Sustentabilidade.",s Bancos. Performance Econômico-financeira. Sustentabilidade.,4,Maria Audenôra Rufino,Lílian Perobon Mazzer,Márcia Reis Machado,Paulo Roberto Nóbrega Cavalcante,,,,,,,,,https://periodicos.ufrn.br/ambiente/article/view/4283,Revista Ambiente Contábil
2017-07-11,ANÁLISE ECONÔMICO-FINANCEIRA MEDIANTE GERAÇÃO E COMERCIALIZAÇÃO DE CRÉDITOS DE CARBONO,"Os créditos de carbono podem ser comercializados criando receitas extras para as empresas que investem na sustentabilidade. Dessa forma, o estudo tem como objetivo geral analisar como a participação em projetos de MDL e geração de créditos de carbono auxiliam na situação econômico-financeira da organização. A pesquisa apresenta-se como um estudo de caso de natureza aplicada, descritiva, exploratória, documental, sendo de acordo com os procedimentos quali-quantitativa. Durante a pesquisa foi possível conhecer as características da empresa, os processos operacionais necessários para geração dos créditos de carbono e a verificação da situação econômico-financeira no período de 1997 a 2011. A partir desta análise, constata-se que a participação da empresa em projetos de MDL para a geração de créditos de carbono influencia positivamente a situação econômico-financeira da empresa, visto que se não fosse considerada a receita extra dos créditos de carbono, os índices apresentariam um desempenho mais baixo. Portanto, foi possível notar que os créditos de carbono, podem ser um elemento chave para o crescimento e solidez das empresas, já que a procura pela redução da poluição e a busca por processos ambientalmente limpos é indispensável para sua garantia e permanência no mercado.",Protocolo de Quioto. MDL. Créditos de Carbono. Análise econômico-financeira.,3,Renata Lúcia Basso,Daniele Dias de Oliveira Bertagnolli,Lucas Almeida Dos Santos,,,,Universidade Federal de Santa Maria,,,,,,https://periodicos.ufrn.br/ambiente/article/view/10091,Revista Ambiente Contábil
2016-04-18,CUSTOS SOCIAIS E AMBIENTAIS E GRI: UMA ANÁLISE DAS EMPRESAS INTEGRANTES DO ÍNDICE DE SUSTENTABILIDADE EMPRESARIAL (ISE),"A busca por políticas e metodologias eficientes do ponto de vista econômico e social faz parte da nova realidade das empresas, as quais têm procurado cada vez mais alinhar sua realidade produtiva às normas sociais e ambientais. O objetivo da pesquisa é analisar a evidenciação dos custos ambientais e sociais, à luz das diretrizes do GRI, pelos relatórios de sustentabilidade das empresas do ISE. Trata-se de uma pesquisa descritiva, documental e qualitativa, que utiliza a análise de conteúdo como método de análise dos dados. Os resultados apontam que a maioria das empresas estudadas apenas descrevem os riscos de suas atividades, sem informar os custos para mitigá-los. Verificou-se também que a redução de energia, a reutilização de água e a redução das emissões de gases de efeito estufa são melhorias na qualidade do desempenho ambiental decorrentes dos investimentos nessa área que propiciam a redução dos custos, associando-se, assim, à ecoeficiência. Através da análise dos indicadores LA2, LA6 e LA9, observou-se que grande parte das empresas investe em seus empregados, bem como controlam os acidentes ocorridos com esses. No que se refere aos impactos provocados na comunidade, algumas empresas afirmaram não possuir mecanismos para mensurá-los. Palavras-chave: Custos ambientais e sociais. GRI. Relatório de Sustentabilidade.",Custos ambientais e sociais. GRI. Relatório de Sustentabilidade.,3,Cecília Maria Medeiros Dantas de Melo,Fernanda Nunes Dantas,Aneide Oliveira Araujo,,,,Universidade Federal do Rio Grande do Norte,Universidade Federal do Rio Grande do Norte,Universidade Federal do Rio Grande do Norte,,,,https://periodicos.ufrn.br/ambiente/article/view/8695,Revista Ambiente Contábil
2017-01-02,GESTÃO DE CAPITAL DE GIRO E FORMAÇÃO DO PREÇO DE VENDA PRATICADO PELAS MICRO E PEQUENAS EMPRESAS,"O objetivo deste artigo é verificar se os gestores das micro e pequenas empresas conhecem e utilizam  o gerenciamento do Capital de Giro  e a precificação de seus produtos, mercadorias e serviços. Visando alcançar  esse objetivo, fez-se uma revisão da literatura sobre gestão de capital de giro e formação de preço de venda, investigando-se a amplitude tanto no campo teórico quanto no campo prático. No que concerne,  à metodologia  realizou-se uma pesquisa de campo com entrevistas face-a-face e semiestruturadas em nove empresas que atuam nos setores comercial, industrial e de serviços, localizadas nos municípios de Jundiaí, Campo Limpo Paulista e Jarinu, pertencentes ao Aglomerado Urbano de Jundiaí. Os resultados da pesquisa revelam que apesar do pouco conhecimento que os empresários têm sobre gerenciamento de capital de giro, a grande maioria (89%) faz reservas para suprir eventuais dificuldades financeiras. Com relação à precificação de seus produtos, mercadorias e serviços, as empresas adotam o critério de calcular os custos diretos e acrescentar uma margem entre 20% a 50%. Outro ponto visível nos resultados obtidos foi a falta de orientação dos microempreendedores de seus contadores, levando-os a tomar decisões baseadas, principalmente, mais na intuição e sensibilidade do que no conhecimento.Palavras-chave: Capital de Giro, Gestão, Preço de Venda, Micro e Pequenas Empresas.",Capital de Giro. Gestão. Preço de Venda. Micro e Pequenas Empresas.,5,Olga Graciela Diaz Domingues,João Eduardo Prudêncio Tinoco,Mariano Yoshitake,Wanderlei Lima de Paulo,José Alberto Carvalho dos Santos Claro,,Universidade do Vale do Rio dos Sinos,,,,,,https://periodicos.ufrn.br/ambiente/article/view/8558,Revista Ambiente Contábil
2016-01-03,INFLUÊNCIA DAS OFERTAS PÚBLICAS DE AÇÕES NOS NÍVEIS DE GERENCIAMENTO DE RESULTADOS E SEU IMPACTO NO RETORNO DAS AÇÕES,"Este estudo tem por objetivo analisar a influência da oferta pública de ações nos níveis de gerenciamento de resultados e seu impacto no retorno de mercado das ações das companhias brasileiras. Para tal análise, calculam-se os accruals discricionários, utilizando o modelo Kang e Silvaramakrishnan (1995), e apuram-se as médias dos accruals nos períodos pré e pós-ofertas pública de ações. Para o desempenho de mercado é utilizado o preço da ação nos trimestres anteriores e posteriores às ofertas públicas secundárias, sendo que todos os dados necessários para tal análise são extraídos da base de dados Economatica®. A pesquisa envolve 30 companhias listadas na BM&FBovespa S.A., que realizaram ofertas públicas de ações no período de 2011 e 2012. Os resultados dos modelos de regressões indicam que não há relação estatisticamente significativa entre o gerenciamento de resultados, as ofertas públicas de ações e o retorno médio dos preços das ações. Conclui-se, assim, que não existe influência do gerenciamento de resultados nos retornos das ações após a realização de ofertas públicas de ações.Palavras-chave: Gerenciamento de resultados. Ofertas públicas de ações. Desempenho das ações.",Gerenciamento de resultados. Ofertas públicas de ações. Desempenho das ações.,2,Leandro Augusto Toigo,Roberto Carlos Klann,,,,,Universidade Estadual do Oeste do Paraná,Fundação Universidade Regional de Blumenau – FURB,,,,,https://periodicos.ufrn.br/ambiente/article/view/6557,Revista Ambiente Contábil
2019-07-03,Análise da receita per capita nos municípios catarinenses conforme a receita corrente líquida,"Objetivo: A pesquisa objetivou identificar a receita per capita nos municípios catarinenses com base na Receita Corrente Líquida e a relação existente entre receitas próprias, transferências com a capacidade de cada município.
 
Metodologia: O estudo que ora se apresenta, quanto aos objetivos como descritiva, pois busca analisar a receita pública per capita, analogamente aos procedimentos caracteriza-se como documental, pois torna possível, a partir dos relatórios publicados, em relação à abordagem do problema, como pesquisa quantitativa, com emprego de valores e suas correlações. O período em análise compreende os anos de 2015 e 2016. A amostra consiste nos 295 municípios catarinenses.
 
Resultados: Os resultados apontam que, na estratificação e análise, a Receita Corrente Líquida Per Capita por porte de Município, aos quais, os municípios com maior porte possuem, proporcionalmente, melhor distribuição da arrecadação municipal, que culmina na maior capacidade de enfrentamento às demandas sociais. Na média da Receita Corrente Líquida Per Capita dos municípios Catarinenses, nos anos de 2015 e 2016, foi de R$ 3.332,61, com uma variação entre a receita per capita mínima e máxima de R$ 1.377,24 e R$ 8.055,16, o que demonstra haver discrepância significativa entre os municípios analisados.
 
Contribuições do Estudo: Considerando os valores recebidos pelos municípios catarinenses, a pesquisa procurou demonstrar e esclarecer a influência de valores recebidos da União e do Estado por ente para investimentos e manutenção das atividades, em função da divisão populacional e porte de cada município, sendo informações uteis e relevantes para o planejamento e captação de recursos para aplicação em benefício da população.",Receita pública. Setor público. Per capita. Receita corrente líquida,3,Roberto Zolet,Gilvane Scheren,Celso Galante,,,,Universidade Comunitária Regional de Chapecó,Universidade do Oeste de Santa Catarina – Unoesc,Universidade Comunitária Regional de Chapecó,,,,https://periodicos.ufrn.br/ambiente/article/view/14490,Revista Ambiente Contábil
2016-04-18,UMA DISCUSSÃO SOBRE A NATUREZA CONTINGENTE E O CRITÉRIO DE RECONHECIMENTO DA DÍVIDA ATIVA DA UNIÃO,"A dívida ativa é um crédito decorrente de receitas públicas não recebidas no prazo estabelecido, registrado nas contas públicas após a apuração de sua liquidez e certeza por autoridade administrativa competente. Considerando que dado seu elevado montante o reconhecimento da Dívida Ativa da União (DAU) influencia a análise do Balanço Geral da União (BGU), e que o processo de convergência no Setor Público requer a adoção de padrões contábeis fundamentados na Teoria Contábil, o presente estudo tem como objetivo apresentar uma discussão sobre a natureza contingente e o critério de reconhecimento da DAU. Assim, foram levantados dados do período de 2008 a 2013 no Sistema Integrado de Administração Financeira do Governo Federal (SIAFI) e no Sistema Integrado da Dívida Ativa da Procuradoria-Geral da Fazenda Nacional (DW Sida), para análise do perfil dos créditos inscritos. Os resultados do estudo mostram que em sua maior parte os valores registrados em DAU apresenta incertezas quanto à sua validade e real possibilidade de recebimento, caracterizando-se, portanto, como ativo contingente. Assim, a DAU deve ser reconhecida no BGU apenas quando benefícios econômicos ou potenciais futuros forem considerados praticamente certos pelos órgãos responsáveis por sua gestão.Palavras-Chave: Dívida Ativa da União. Ativos Contingentes. Balanço Geral da União.",,2,Paterson da Rocha Severo,Diana Vaz de Lima,,,,,Universidade de Brasília,Universidade de Brasília,,,,,https://periodicos.ufrn.br/ambiente/article/view/8150,Revista Ambiente Contábil
2020-01-03,Nível de aderência das empresas brasileiras listadas do setor de telecomunicações ao pronunciamento contábil CPC 47,"Objetivo: O presente trabalho buscou analisar o nível de aderência (compliance) das empresas brasileiras do setor de telecomunicações listadas na B3 ao pronunciamento contábil CPC 47.
Metodologia: Foi elaborado um checklist contendo 8 (oito) critérios que as empresas deveriam divulgar para obter alto nível de compliance ao CPC 47. Caracteriza-se por ser uma pesquisa documental com análise de conteúdo junto às demonstrações financeiras consolidadas (balanço patrimonial e demonstração de resultado do exercício), notas explicativas e relatórios da administração divulgados pelas companhias nos anos de 2017 e 2018.
Resultados: Os resultados mostram que nenhuma empresa apresentou uma ampla aderência à nova norma. A empresa Telefônica Vivo Brasil foi a que apresentou maior nível, 56,25%, enquanto que a empresa Telebrás apresentou o menor, 29,16%. Adicionalmente, foi verificado se as empresas já divulgavam suas informações em conformidade à norma antes dela se tornar obrigatória, como forma de disclosure voluntário. As empresas OI S.A., Telebrás e Algar Telecom não apresentaram qualquer menção ao CPC 47 nos três primeiros trimestres do ano de 2017. Por outro lado, as empresas Telefônica Vivo Brasil e TIM Participações fizeram alusão à norma desde o primeiro período analisado.
Contribuições do Estudo: É um tema atual nas pesquisas em contabilidade, por ser o ano de implementação do CPC 47, e relevante, pois trará mudanças significativas nos critérios de reconhecimento e evidenciação das receitas. A partir da revisão bibliográfica, verificou-se poucos estudos tratando o tema. A partir disso, esta pesquisa buscou contribuir no sentido de ampliar o rol de trabalhos produzidos sobre o novo CPC, com uma abordagem quantitativa, nas linhas de evidenciação contábil e regulação.",CPC 47. aderência. compliance. telecomunicações.,3,Rafael Xavier de Oliveira,Thais Mota Crabbi,Jomar Miranda Rodrigues,,,,Universidade de Brasília,Universidade de Brasília,"Universidade de Brasília, UnB",,,,https://periodicos.ufrn.br/ambiente/article/view/16288,Revista Ambiente Contábil
2014-01-16,ANÁLISE DAS NORMAS BRASILEIRAS DE CONTABILIDADE APLICADAS AO SETOR PÚBLICO (NBCASP): UM ESTUDO NAS UNIDADES DA FEDERAÇÃO DO BRASIL,"O objetivo deste estudo é descrever a aderência das Unidades da Federação do Brasil às Normas Brasileiras de Contabilidade Aplicadas ao Setor Público. A metodologia utilizada na pesquisa configura–se como descritiva, com abordagem qualitativa, realizada por meio de pesquisa documental. Os dados da pesquisa revelam que no exercício de 2010, 2011 e 2012 o disclosure dos órgãos públicos do Estado no que concerne à aderência às Normas Brasileiras de Contabilidade Aplicadas ao Setor Público (NBCASP) que convergem com as International Public Sector Accounting Standard (IPSAS) ainda é incipiente. Ressalta-se que pontos importantes constantes nas normas NBCT 16.3 e NBCT 16.8, que versam, respectivamente, sobre a divulgação do PPA, LDO e Controle Interno ainda não são respeitados, mesmo que tais itens tenham sua divulgação obrigatória exigida na Constituição Federal e pela Lei de Responsabilidade Fiscal. Observou-se também que das 27 unidades federativas, apenas os Estados de Minas Gerais, Maranhão, Rio Grande do Norte, Sergipe, Bahia, Acre, Amazonas, Roraima, Tocantins, Goiás, Mato Grosso e Mato Grosso do Sul não evidenciaram a conta intitulada intangível. Nenhum dos Estados evidenciou a Demonstração do Fluxo de Caixa e a Demonstração do Resultado Econômico ou se mencionou algo sobre o sistema de custos ou a avaliação das disponibilidades e direitos e títulos de crédito. Conclui-se que os Estados brasileiros ainda não estão preparados para iniciar a divulgação obrigatória segundo as NBCASP, dado o nível de disclosure evidenciado até o momento.Palavras-chave: Normas Brasileiras. Setor Público. Teoria da Evidenciação.",Normas Brasileiras. Setor Público. Teoria da Evidenciação.,2,Francisca Francivânia Rodrigues Ribeiro Macêdo,Roberto Carlos Klann,,,,,Universidade Regional de Blumenau,Universidade Regional de Blumenau,,,,,https://periodicos.ufrn.br/ambiente/article/view/4249,Revista Ambiente Contábil
